method,rows,time_min
RANDOM,30,86.20216353994755
RANDOM,30,76.2381031115682
RANDOM,30,79.50968159389214
RANDOM,30,70.13340657363185
RANDOM,30,51.906224154206086
RANDOM,30,79.88427668708549
RANDOM,30,68.99861327149816
RANDOM,30,78.96766785688018
RANDOM,30,76.37431397660751
RANDOM,30,69.65003536017228
RANDOM,30,75.65458137013005
RANDOM,30,62.96703473245771
RANDOM,30,89.55173407753367
RANDOM,30,72.43227109420188
RANDOM,30,88.44759449764184
RANDOM,30,66.76637967744031
RANDOM,30,69.61843295505624
RANDOM,30,81.33515407055432
RANDOM,30,81.87297781301444
RANDOM,30,77.18097444789443
RANDOM,30,90.21116794657407
RANDOM,30,72.89420026474495
RANDOM,30,78.30810556568233
RANDOM,30,72.06453117238662
RANDOM,30,69.7365100282314
RANDOM,30,79.79635058026811
RANDOM,30,73.14312255509573
RANDOM,30,86.34204068554682
RANDOM,30,77.56865688521152
RANDOM,30,66.95253681422388
RANDOM,30,76.98577156433723
RANDOM,30,73.91384709404106
RANDOM,30,65.42924987906562
RANDOM,30,78.4517294936416
RANDOM,30,71.46815117715428
RANDOM,30,83.04027071633824
RANDOM,30,76.8039489258294
RANDOM,30,67.05354282142778
RANDOM,30,76.6308470475014
RANDOM,30,88.14770070132566
RANDOM,30,76.17693932873323
RANDOM,30,66.64133968539049
RANDOM,30,80.1399591442964
RANDOM,30,72.51390563483415
RANDOM,30,72.93785296753938
RANDOM,30,70.08704392730078
RANDOM,30,78.29516150728465
RANDOM,30,78.77634809734974
RANDOM,30,82.90385555843739
RANDOM,30,64.42322768615443
RANDOM,30,59.11819894429881
RANDOM,30,86.62054327378813
RANDOM,30,66.12386980123716
RANDOM,30,88.468733513865
RANDOM,30,77.22364873899753
RANDOM,30,83.43655824926488
RANDOM,30,74.14737235258038
RANDOM,30,69.13421994124388
RANDOM,30,80.0527838771465
RANDOM,30,72.02086432913215
BACK_TO_FRONT,30,100.74761386449178
BACK_TO_FRONT,30,114.77436743998042
BACK_TO_FRONT,30,118.67373573422294
BACK_TO_FRONT,30,112.25779798653191
BACK_TO_FRONT,30,115.70068816641871
BACK_TO_FRONT,30,100.68048607446181
BACK_TO_FRONT,30,120.13998668742056
BACK_TO_FRONT,30,118.60898046026098
BACK_TO_FRONT,30,109.54481871186356
BACK_TO_FRONT,30,118.31914573886237
BACK_TO_FRONT,30,121.0723497164286
BACK_TO_FRONT,30,115.16931267642768
BACK_TO_FRONT,30,109.55055148732279
BACK_TO_FRONT,30,132.7623024353678
BACK_TO_FRONT,30,122.83586675810335
BACK_TO_FRONT,30,119.33280507541706
BACK_TO_FRONT,30,123.7357739383679
BACK_TO_FRONT,30,98.70971237122775
BACK_TO_FRONT,30,117.14294924529915
BACK_TO_FRONT,30,124.82065847116888
BACK_TO_FRONT,30,125.58151540442925
BACK_TO_FRONT,30,128.37701471038963
BACK_TO_FRONT,30,111.57806700409456
BACK_TO_FRONT,30,111.4596096566437
BACK_TO_FRONT,30,121.88655797550126
BACK_TO_FRONT,30,104.25385018067885
BACK_TO_FRONT,30,120.920667101088
BACK_TO_FRONT,30,117.5510407777653
BACK_TO_FRONT,30,112.12054255822373
BACK_TO_FRONT,30,120.0552246547533
BACK_TO_FRONT,30,127.7395230790817
BACK_TO_FRONT,30,148.5005857551585
BACK_TO_FRONT,30,110.6659061429805
BACK_TO_FRONT,30,123.93652661120444
BACK_TO_FRONT,30,116.50795590608104
BACK_TO_FRONT,30,121.5012554601662
BACK_TO_FRONT,30,111.05409752901727
BACK_TO_FRONT,30,115.69817242147093
BACK_TO_FRONT,30,106.54865102724204
BACK_TO_FRONT,30,128.26372085264447
BACK_TO_FRONT,30,117.16375326420048
BACK_TO_FRONT,30,112.65740138171962
BACK_TO_FRONT,30,110.870622630275
BACK_TO_FRONT,30,100.67539857527123
BACK_TO_FRONT,30,109.06855285690227
BACK_TO_FRONT,30,127.2449841141863
BACK_TO_FRONT,30,108.05613165519782
BACK_TO_FRONT,30,120.7663591050597
BACK_TO_FRONT,30,115.61058246031764
BACK_TO_FRONT,30,130.16595984639198
BACK_TO_FRONT,30,102.51581046116489
BACK_TO_FRONT,30,124.31057603449959
BACK_TO_FRONT,30,113.43703968920342
BACK_TO_FRONT,30,119.82368124838085
BACK_TO_FRONT,30,130.81072916201177
BACK_TO_FRONT,30,113.21408537866631
BACK_TO_FRONT,30,111.06817804943084
BACK_TO_FRONT,30,117.20090021382232
BACK_TO_FRONT,30,127.66300162897564
BACK_TO_FRONT,30,116.01972404991542
FRONT_TO_BACK,30,176.37509794623764
FRONT_TO_BACK,30,153.62648964093913
FRONT_TO_BACK,30,162.28102886670987
FRONT_TO_BACK,30,145.01257623319287
FRONT_TO_BACK,30,150.98805655711786
FRONT_TO_BACK,30,140.90789139187933
FRONT_TO_BACK,30,143.68078257060407
FRONT_TO_BACK,30,152.0728383763328
FRONT_TO_BACK,30,141.645080563258
FRONT_TO_BACK,30,135.770052594878
FRONT_TO_BACK,30,137.49820240408985
FRONT_TO_BACK,30,153.8443830452967
FRONT_TO_BACK,30,131.58774151489283
FRONT_TO_BACK,30,140.76973240108876
FRONT_TO_BACK,30,146.20300646822542
FRONT_TO_BACK,30,150.05126734960135
FRONT_TO_BACK,30,126.96069944101158
FRONT_TO_BACK,30,144.89583064415868
FRONT_TO_BACK,30,147.2497442635662
FRONT_TO_BACK,30,158.65781376574054
FRONT_TO_BACK,30,148.74339515579373
FRONT_TO_BACK,30,145.5439971958003
FRONT_TO_BACK,30,145.47466325094018
FRONT_TO_BACK,30,169.20835325012132
FRONT_TO_BACK,30,158.90700691484173
FRONT_TO_BACK,30,146.80854420069724
FRONT_TO_BACK,30,152.33352566034026
FRONT_TO_BACK,30,143.73157519683633
FRONT_TO_BACK,30,147.67764196551832
FRONT_TO_BACK,30,137.32483666573384
FRONT_TO_BACK,30,150.58305601171546
FRONT_TO_BACK,30,150.3444375231958
FRONT_TO_BACK,30,158.22765965232637
FRONT_TO_BACK,30,149.66219879520023
FRONT_TO_BACK,30,144.53493293164158
FRONT_TO_BACK,30,154.9557445598123
FRONT_TO_BACK,30,149.81380130519483
FRONT_TO_BACK,30,134.03809655263277
FRONT_TO_BACK,30,135.81499086108164
FRONT_TO_BACK,30,155.12928683405954
FRONT_TO_BACK,30,152.04866833228652
FRONT_TO_BACK,30,174.49439040313956
FRONT_TO_BACK,30,161.4416532586539
FRONT_TO_BACK,30,125.27566365581983
FRONT_TO_BACK,30,146.60943164205295
FRONT_TO_BACK,30,153.63861262085504
FRONT_TO_BACK,30,155.55212699823522
FRONT_TO_BACK,30,140.8304766576426
FRONT_TO_BACK,30,147.66564622626706
FRONT_TO_BACK,30,163.87835789440075
FRONT_TO_BACK,30,146.709259123071
FRONT_TO_BACK,30,143.27517106986264
FRONT_TO_BACK,30,156.03763204836514
FRONT_TO_BACK,30,138.4566468231972
FRONT_TO_BACK,30,149.49924202757677
FRONT_TO_BACK,30,165.6470633475564
FRONT_TO_BACK,30,143.57878502881644
FRONT_TO_BACK,30,153.18614293285233
FRONT_TO_BACK,30,155.4712291039419
FRONT_TO_BACK,30,143.1284653295615
BLOCKS_K2,30,46.58403721852447
BLOCKS_K2,30,52.24449911347839
BLOCKS_K2,30,51.314405640714675
BLOCKS_K2,30,46.56068364905748
BLOCKS_K2,30,41.779712934353306
BLOCKS_K2,30,43.735008427320686
BLOCKS_K2,30,42.90340911345153
BLOCKS_K2,30,47.285952902452735
BLOCKS_K2,30,43.82906403301796
BLOCKS_K2,30,36.75863037407685
BLOCKS_K2,30,43.44786161917822
BLOCKS_K2,30,48.61062126218757
BLOCKS_K2,30,51.01353732105297
BLOCKS_K2,30,48.89365414746855
BLOCKS_K2,30,43.766733043397196
BLOCKS_K2,30,44.73216964253471
BLOCKS_K2,30,54.07453375424374
BLOCKS_K2,30,47.11439969762395
BLOCKS_K2,30,45.31817230044588
BLOCKS_K2,30,47.58701458336616
BLOCKS_K2,30,54.885049583333966
BLOCKS_K2,30,46.425889017682024
BLOCKS_K2,30,40.52844057502723
BLOCKS_K2,30,48.9809795981538
BLOCKS_K2,30,41.857455014707185
BLOCKS_K2,30,35.32994137108854
BLOCKS_K2,30,48.63829870328977
BLOCKS_K2,30,40.48824420752671
BLOCKS_K2,30,48.904423745303255
BLOCKS_K2,30,37.68021709339724
BLOCKS_K2,30,46.469014463171995
BLOCKS_K2,30,42.27532382134239
BLOCKS_K2,30,49.13913947027488
BLOCKS_K2,30,58.402090649375126
BLOCKS_K2,30,35.186644020862545
BLOCKS_K2,30,39.67890573966621
BLOCKS_K2,30,41.503681093752625
BLOCKS_K2,30,52.27120952137963
BLOCKS_K2,30,50.32575244024677
BLOCKS_K2,30,47.45490231285744
BLOCKS_K2,30,43.06187373614356
BLOCKS_K2,30,47.68304202585513
BLOCKS_K2,30,50.331818934396416
BLOCKS_K2,30,39.08945675023162
BLOCKS_K2,30,41.70106391051477
BLOCKS_K2,30,51.13427354588345
BLOCKS_K2,30,40.796077277093396
BLOCKS_K2,30,49.70655350583115
BLOCKS_K2,30,43.137146284917726
BLOCKS_K2,30,42.3240824254806
BLOCKS_K2,30,50.26652020047491
BLOCKS_K2,30,48.81358348424241
BLOCKS_K2,30,48.1203110835895
BLOCKS_K2,30,49.71893064417486
BLOCKS_K2,30,47.97245318913047
BLOCKS_K2,30,45.70936847019902
BLOCKS_K2,30,47.809093951501694
BLOCKS_K2,30,50.52683081056455
BLOCKS_K2,30,44.57152233933231
BLOCKS_K2,30,45.01781853833832
RANDOM,40,86.03377316432216
RANDOM,40,93.67852753984968
RANDOM,40,113.94164962186608
RANDOM,40,81.585032211749
RANDOM,40,107.87521244906162
RANDOM,40,104.15188518339198
RANDOM,40,95.62988018826616
RANDOM,40,96.24590547586217
RANDOM,40,96.0266799868502
RANDOM,40,91.43982496005557
RANDOM,40,109.51090190105505
RANDOM,40,114.9595547222743
RANDOM,40,95.06400661228068
RANDOM,40,95.51444419272258
RANDOM,40,111.53349703466745
RANDOM,40,112.66833035476277
RANDOM,40,99.90737811024442
RANDOM,40,84.9582194399366
RANDOM,40,92.50053785377102
RANDOM,40,99.23390655388987
RANDOM,40,97.69659992304015
RANDOM,40,111.7417560420597
RANDOM,40,83.03413382273413
RANDOM,40,90.71015899857072
RANDOM,40,104.89494145756487
RANDOM,40,115.10740822131918
RANDOM,40,112.25513535769751
RANDOM,40,102.88979212882938
RANDOM,40,94.92712687183723
RANDOM,40,83.5068744011868
RANDOM,40,93.79820810761228
RANDOM,40,98.47638334873342
RANDOM,40,128.69953380003457
RANDOM,40,110.9959535482167
RANDOM,40,112.5484433815967
RANDOM,40,112.41623564349219
RANDOM,40,102.81381150569364
RANDOM,40,113.77615005823112
RANDOM,40,93.36596292405987
RANDOM,40,105.27420195295738
RANDOM,40,88.54736822347306
RANDOM,40,94.23196130010226
RANDOM,40,96.31972794751894
RANDOM,40,107.32778751315969
RANDOM,40,91.58927021753324
RANDOM,40,101.94570275955208
RANDOM,40,81.3892554130103
RANDOM,40,94.03543596693123
RANDOM,40,90.41378641079115
RANDOM,40,97.01698435445898
RANDOM,40,113.38070096998591
RANDOM,40,116.74427083971834
RANDOM,40,100.32603879999098
RANDOM,40,87.2568001146872
RANDOM,40,92.88883139777347
RANDOM,40,96.6110774107152
RANDOM,40,88.5457954857664
RANDOM,40,100.49645438720661
RANDOM,40,95.28295737692854
RANDOM,40,101.2220920304069
BACK_TO_FRONT,40,146.06769750200908
BACK_TO_FRONT,40,169.80026951203413
BACK_TO_FRONT,40,161.44177109469663
BACK_TO_FRONT,40,174.5131365972721
BACK_TO_FRONT,40,140.51176800975645
BACK_TO_FRONT,40,168.3708846040303
BACK_TO_FRONT,40,153.92508033599663
BACK_TO_FRONT,40,153.21971306219586
BACK_TO_FRONT,40,153.6744399639653
BACK_TO_FRONT,40,144.0754506673203
BACK_TO_FRONT,40,150.33464775425435
BACK_TO_FRONT,40,147.66561460671264
BACK_TO_FRONT,40,168.01588155734933
BACK_TO_FRONT,40,150.94387654141116
BACK_TO_FRONT,40,145.64024967213876
BACK_TO_FRONT,40,168.71304898357488
BACK_TO_FRONT,40,140.28834354257748
BACK_TO_FRONT,40,147.84208395116565
BACK_TO_FRONT,40,148.50001960037264
BACK_TO_FRONT,40,151.44802785822085
BACK_TO_FRONT,40,162.24954435417695
BACK_TO_FRONT,40,145.55944193111674
BACK_TO_FRONT,40,143.2414584697628
BACK_TO_FRONT,40,158.51396914904169
BACK_TO_FRONT,40,146.72125985005653
BACK_TO_FRONT,40,176.28953865347484
BACK_TO_FRONT,40,149.65371540454314
BACK_TO_FRONT,40,134.2820736974968
BACK_TO_FRONT,40,157.295286179043
BACK_TO_FRONT,40,153.64274811625356
BACK_TO_FRONT,40,144.36814822117879
BACK_TO_FRONT,40,145.7611888898368
BACK_TO_FRONT,40,175.1956723854972
BACK_TO_FRONT,40,176.0665694206914
BACK_TO_FRONT,40,161.86600797426638
BACK_TO_FRONT,40,143.00912354590554
BACK_TO_FRONT,40,146.68084161804336
BACK_TO_FRONT,40,151.33901343417736
BACK_TO_FRONT,40,152.19955766062228
BACK_TO_FRONT,40,150.00316031263432
BACK_TO_FRONT,40,177.02436344667396
BACK_TO_FRONT,40,153.4760410830674
BACK_TO_FRONT,40,163.39208904281054
BACK_TO_FRONT,40,155.00485598735253
BACK_TO_FRONT,40,167.68294029432175
BACK_TO_FRONT,40,158.2591886204661
BACK_TO_FRONT,40,157.96932581599756
BACK_TO_FRONT,40,161.64632951050692
BACK_TO_FRONT,40,123.26489999975769
BACK_TO_FRONT,40,153.26863253215205
BACK_TO_FRONT,40,157.16628783634957
BACK_TO_FRONT,40,166.62066850305456
BACK_TO_FRONT,40,159.24559351127695
BACK_TO_FRONT,40,159.4813653271644
BACK_TO_FRONT,40,158.35450994138512
BACK_TO_FRONT,40,157.61747318582442
BACK_TO_FRONT,40,154.17158760095847
BACK_TO_FRONT,40,156.55639472807607
BACK_TO_FRONT,40,163.91125563285854
BACK_TO_FRONT,40,148.9348350317686
FRONT_TO_BACK,40,186.6674846992087
FRONT_TO_BACK,40,187.63388988299712
FRONT_TO_BACK,40,189.7315728915542
FRONT_TO_BACK,40,193.1882006005861
FRONT_TO_BACK,40,192.33614373797357
FRONT_TO_BACK,40,183.8157762268836
FRONT_TO_BACK,40,189.5535916359825
FRONT_TO_BACK,40,177.16511979629593
FRONT_TO_BACK,40,204.87297784631804
FRONT_TO_BACK,40,197.14901556357188
FRONT_TO_BACK,40,182.6053717122616
FRONT_TO_BACK,40,201.0395447846207
FRONT_TO_BACK,40,212.0049591798249
FRONT_TO_BACK,40,189.66651926182243
FRONT_TO_BACK,40,175.10654144177866
FRONT_TO_BACK,40,212.98314552373017
FRONT_TO_BACK,40,201.73529005083142
FRONT_TO_BACK,40,210.7761143470921
FRONT_TO_BACK,40,179.85841192380062
FRONT_TO_BACK,40,184.77185206166473
FRONT_TO_BACK,40,208.47825758055959
FRONT_TO_BACK,40,218.55288773357987
FRONT_TO_BACK,40,162.74371989981552
FRONT_TO_BACK,40,196.78176510669073
FRONT_TO_BACK,40,222.04304071002096
FRONT_TO_BACK,40,191.94827812933468
FRONT_TO_BACK,40,219.86483958972082
FRONT_TO_BACK,40,169.29539959040903
FRONT_TO_BACK,40,198.17538432286852
FRONT_TO_BACK,40,204.7440576131993
FRONT_TO_BACK,40,196.20798063597852
FRONT_TO_BACK,40,175.81009420032086
FRONT_TO_BACK,40,180.39342552518795
FRONT_TO_BACK,40,195.54417525968296
FRONT_TO_BACK,40,191.5016086908838
FRONT_TO_BACK,40,212.9690214180563
FRONT_TO_BACK,40,209.77330765986966
FRONT_TO_BACK,40,202.1121451349339
FRONT_TO_BACK,40,209.8667749969906
FRONT_TO_BACK,40,208.8975625179905
FRONT_TO_BACK,40,194.5656764738382
FRONT_TO_BACK,40,202.7129962489411
FRONT_TO_BACK,40,201.70395858232902
FRONT_TO_BACK,40,208.0647519077307
FRONT_TO_BACK,40,200.06827480230174
FRONT_TO_BACK,40,204.4140744621129
FRONT_TO_BACK,40,207.31439101185748
FRONT_TO_BACK,40,191.59048298284273
FRONT_TO_BACK,40,216.66016059736316
FRONT_TO_BACK,40,204.94147242694166
FRONT_TO_BACK,40,215.93611252181407
FRONT_TO_BACK,40,191.2350698461094
FRONT_TO_BACK,40,193.79258879562218
FRONT_TO_BACK,40,189.8010916894503
FRONT_TO_BACK,40,204.43305338679764
FRONT_TO_BACK,40,200.75250414327118
FRONT_TO_BACK,40,199.77686338762777
FRONT_TO_BACK,40,193.50711399201415
FRONT_TO_BACK,40,206.11449436739454
FRONT_TO_BACK,40,195.36676484400795
BLOCKS_K2,40,73.38594763110515
BLOCKS_K2,40,70.92355098698206
BLOCKS_K2,40,58.654685558949964
BLOCKS_K2,40,63.705852541536686
BLOCKS_K2,40,53.54012011065235
BLOCKS_K2,40,63.61453855195797
BLOCKS_K2,40,64.30921339100105
BLOCKS_K2,40,59.69609174861419
BLOCKS_K2,40,52.91937677120606
BLOCKS_K2,40,48.55203111099987
BLOCKS_K2,40,58.378466042319864
BLOCKS_K2,40,59.95239470732466
BLOCKS_K2,40,69.31646894393172
BLOCKS_K2,40,55.54835769551777
BLOCKS_K2,40,58.59338990975801
BLOCKS_K2,40,62.52543803857555
BLOCKS_K2,40,59.729230591342755
BLOCKS_K2,40,55.47498384584594
BLOCKS_K2,40,60.94908058616177
BLOCKS_K2,40,60.655834085710595
BLOCKS_K2,40,58.42418222647359
BLOCKS_K2,40,53.466144747383716
BLOCKS_K2,40,62.96344161427739
BLOCKS_K2,40,58.36664767539514
BLOCKS_K2,40,54.03063631012903
BLOCKS_K2,40,55.152529878973816
BLOCKS_K2,40,55.7365314621959
BLOCKS_K2,40,63.958795661605755
BLOCKS_K2,40,67.52548474014415
BLOCKS_K2,40,71.72643069730418
BLOCKS_K2,40,69.67227528200259
BLOCKS_K2,40,64.12754839814224
BLOCKS_K2,40,59.99306290292458
BLOCKS_K2,40,62.51327199340788
BLOCKS_K2,40,58.832049799139995
BLOCKS_K2,40,69.56830438379342
BLOCKS_K2,40,56.660755233089
BLOCKS_K2,40,58.75361528616757
BLOCKS_K2,40,67.22224429605893
BLOCKS_K2,40,60.460300639179884
BLOCKS_K2,40,56.834589438116545
BLOCKS_K2,40,52.78388657976911
BLOCKS_K2,40,53.848296713731834
BLOCKS_K2,40,60.62639091794359
BLOCKS_K2,40,68.39914944174348
BLOCKS_K2,40,70.50511917359381
BLOCKS_K2,40,49.66303831347204
BLOCKS_K2,40,69.70853899379095
BLOCKS_K2,40,60.998460484350026
BLOCKS_K2,40,64.73151531844442
BLOCKS_K2,40,63.60941106471337
BLOCKS_K2,40,62.83576958971031
BLOCKS_K2,40,61.7211983613997
BLOCKS_K2,40,66.73304064067337
BLOCKS_K2,40,75.11671365622956
BLOCKS_K2,40,56.08846195920997
BLOCKS_K2,40,66.29917898129004
BLOCKS_K2,40,62.96205237495436
BLOCKS_K2,40,74.55029988062178
BLOCKS_K2,40,58.896100035669235
RANDOM,50,127.72449237401001
RANDOM,50,145.97940622786192
RANDOM,50,112.49042055351156
RANDOM,50,124.36432706660665
RANDOM,50,119.48413206788379
RANDOM,50,113.87076083544284
RANDOM,50,130.97768814985292
RANDOM,50,142.73549887657936
RANDOM,50,139.80813914144855
RANDOM,50,128.18697032937993
RANDOM,50,119.15844366780762
RANDOM,50,121.52778655666056
RANDOM,50,141.42842467420846
RANDOM,50,119.86407654341788
RANDOM,50,136.67802770949956
RANDOM,50,141.82864616732684
RANDOM,50,141.8042023595476
RANDOM,50,135.9446108342045
RANDOM,50,129.05016546793917
RANDOM,50,129.69580158993404
RANDOM,50,119.29901354853237
RANDOM,50,139.85092218355825
RANDOM,50,130.6754383423143
RANDOM,50,142.9731015895174
RANDOM,50,122.50728186782564
RANDOM,50,125.1977952144698
RANDOM,50,137.18443729657145
RANDOM,50,125.00268991460007
RANDOM,50,129.3236906375456
RANDOM,50,134.5441712941754
RANDOM,50,108.09754613640274
RANDOM,50,121.10718124243797
RANDOM,50,121.29653119811397
RANDOM,50,138.44825877560328
RANDOM,50,141.07290990879724
RANDOM,50,107.99340336845317
RANDOM,50,125.0914392265578
RANDOM,50,124.4538617292236
RANDOM,50,116.13489793763452
RANDOM,50,116.05827784336611
RANDOM,50,129.24277698725325
RANDOM,50,129.49229040256205
RANDOM,50,109.09767613671639
RANDOM,50,124.74118730505067
RANDOM,50,149.87506661298508
RANDOM,50,145.97959723560942
RANDOM,50,136.8632696049086
RANDOM,50,127.73536000167022
RANDOM,50,119.31852133589318
RANDOM,50,137.6084353022683
RANDOM,50,122.27939891648421
RANDOM,50,105.30722515951652
RANDOM,50,117.34719422485553
RANDOM,50,121.70778109515464
RANDOM,50,131.86470336092302
RANDOM,50,127.28873813449879
RANDOM,50,128.16206002059675
RANDOM,50,139.1080822574698
RANDOM,50,113.60181660041064
RANDOM,50,124.73156813019344
BACK_TO_FRONT,50,224.83033805397253
BACK_TO_FRONT,50,196.06440429696102
BACK_TO_FRONT,50,196.80986388720945
BACK_TO_FRONT,50,200.6494704107817
BACK_TO_FRONT,50,200.50960799778386
BACK_TO_FRONT,50,211.0191488329776
BACK_TO_FRONT,50,184.9492466371343
BACK_TO_FRONT,50,183.4146313950199
BACK_TO_FRONT,50,172.45171168352127
BACK_TO_FRONT,50,190.60722406480744
BACK_TO_FRONT,50,198.93772199673023
BACK_TO_FRONT,50,184.94235590832437
BACK_TO_FRONT,50,206.81491341986322
BACK_TO_FRONT,50,187.1071162268582
BACK_TO_FRONT,50,201.99030044764714
BACK_TO_FRONT,50,198.04529009298915
BACK_TO_FRONT,50,201.80806802883518
BACK_TO_FRONT,50,208.56194460622115
BACK_TO_FRONT,50,167.35424189504556
BACK_TO_FRONT,50,182.18086575382114
BACK_TO_FRONT,50,165.18344285365035
BACK_TO_FRONT,50,177.74719165892552
BACK_TO_FRONT,50,179.62898252340491
BACK_TO_FRONT,50,187.43469321355687
BACK_TO_FRONT,50,182.39447667130915
BACK_TO_FRONT,50,211.6711304200403
BACK_TO_FRONT,50,193.05496668980305
BACK_TO_FRONT,50,212.29027641087453
BACK_TO_FRONT,50,189.92731854521023
BACK_TO_FRONT,50,200.38140329285451
BACK_TO_FRONT,50,186.89735414351878
BACK_TO_FRONT,50,202.57304217615686
BACK_TO_FRONT,50,197.1136256234704
BACK_TO_FRONT,50,167.53817600049513
BACK_TO_FRONT,50,186.75372007762255
BACK_TO_FRONT,50,207.9248906295442
BACK_TO_FRONT,50,181.28330574759934
BACK_TO_FRONT,50,191.77712106866645
BACK_TO_FRONT,50,185.4908997071471
BACK_TO_FRONT,50,213.28366171694054
BACK_TO_FRONT,50,218.0142661179646
BACK_TO_FRONT,50,202.3526926790233
BACK_TO_FRONT,50,199.86084556477346
BACK_TO_FRONT,50,201.7707782532765
BACK_TO_FRONT,50,175.96958316901674
BACK_TO_FRONT,50,205.37212665721947
BACK_TO_FRONT,50,206.5172391987154
BACK_TO_FRONT,50,180.493389633897
BACK_TO_FRONT,50,202.62050573731986
BACK_TO_FRONT,50,165.66331406368064
BACK_TO_FRONT,50,222.9057742870903
BACK_TO_FRONT,50,211.9401363392509
BACK_TO_FRONT,50,190.54563699271645
BACK_TO_FRONT,50,191.16892451802335
BACK_TO_FRONT,50,187.42816135895958
BACK_TO_FRONT,50,202.46412336761358
BACK_TO_FRONT,50,195.67663048075252
BACK_TO_FRONT,50,203.01752479900654
BACK_TO_FRONT,50,173.12605670252688
BACK_TO_FRONT,50,178.38077976272564
FRONT_TO_BACK,50,262.2944949274671
FRONT_TO_BACK,50,255.19648940089044
FRONT_TO_BACK,50,249.03864025050535
FRONT_TO_BACK,50,260.36135934401426
FRONT_TO_BACK,50,239.9417220915946
FRONT_TO_BACK,50,251.60784250455848
FRONT_TO_BACK,50,250.9361058860411
FRONT_TO_BACK,50,239.3420355134205
FRONT_TO_BACK,50,228.0218564890553
FRONT_TO_BACK,50,253.35528161224758
FRONT_TO_BACK,50,262.723561656061
FRONT_TO_BACK,50,248.87078207856237
FRONT_TO_BACK,50,248.75120898738146
FRONT_TO_BACK,50,240.66909362079085
FRONT_TO_BACK,50,255.06357749506407
FRONT_TO_BACK,50,270.1687467009742
FRONT_TO_BACK,50,256.99667741529504
FRONT_TO_BACK,50,246.91378698541598
FRONT_TO_BACK,50,236.95576830479098
FRONT_TO_BACK,50,236.62031844484272
FRONT_TO_BACK,50,251.12339823827364
FRONT_TO_BACK,50,248.93970408205274
FRONT_TO_BACK,50,224.39723918010424
FRONT_TO_BACK,50,233.49479792796828
FRONT_TO_BACK,50,253.00736678208457
FRONT_TO_BACK,50,251.69077641478364
FRONT_TO_BACK,50,281.7946961586588
FRONT_TO_BACK,50,237.6445959260023
FRONT_TO_BACK,50,247.4364552869381
FRONT_TO_BACK,50,240.63907087480806
FRONT_TO_BACK,50,227.7058131030931
FRONT_TO_BACK,50,255.45471139768506
FRONT_TO_BACK,50,235.24880089351797
FRONT_TO_BACK,50,268.44705464596615
FRONT_TO_BACK,50,237.149779099062
FRONT_TO_BACK,50,250.7452557747077
FRONT_TO_BACK,50,255.98405125966585
FRONT_TO_BACK,50,224.95858586903915
FRONT_TO_BACK,50,228.24699010549696
FRONT_TO_BACK,50,248.14332676803954
FRONT_TO_BACK,50,234.68841494124442
FRONT_TO_BACK,50,239.88310206273812
FRONT_TO_BACK,50,276.0511944685691
FRONT_TO_BACK,50,234.4198702606926
FRONT_TO_BACK,50,235.70351154687103
FRONT_TO_BACK,50,258.9784770228133
FRONT_TO_BACK,50,252.70679883469404
FRONT_TO_BACK,50,262.7824647552021
FRONT_TO_BACK,50,237.06078744263132
FRONT_TO_BACK,50,244.6319428153258
FRONT_TO_BACK,50,242.5461749687891
FRONT_TO_BACK,50,246.67746920208606
FRONT_TO_BACK,50,242.2688851489444
FRONT_TO_BACK,50,240.73040646014206
FRONT_TO_BACK,50,263.3440917011504
FRONT_TO_BACK,50,246.72882475752786
FRONT_TO_BACK,50,240.6509293824399
FRONT_TO_BACK,50,225.9157198957378
FRONT_TO_BACK,50,242.46559803114798
FRONT_TO_BACK,50,273.7606059642844
BLOCKS_K2,50,79.11677544059499
BLOCKS_K2,50,76.48119822962389
BLOCKS_K2,50,79.68166704008907
BLOCKS_K2,50,69.38723958204844
BLOCKS_K2,50,73.69619343617863
BLOCKS_K2,50,66.5340932224068
BLOCKS_K2,50,74.53807409305706
BLOCKS_K2,50,73.59259431991322
BLOCKS_K2,50,80.985190766034
BLOCKS_K2,50,72.02022196524297
BLOCKS_K2,50,66.616041853973
BLOCKS_K2,50,71.4832243545311
BLOCKS_K2,50,75.53120755131857
BLOCKS_K2,50,77.55993870800285
BLOCKS_K2,50,71.45585814178442
BLOCKS_K2,50,68.94314019954354
BLOCKS_K2,50,73.08239352121913
BLOCKS_K2,50,82.74219272183265
BLOCKS_K2,50,77.14055283831955
BLOCKS_K2,50,81.65002414229738
BLOCKS_K2,50,79.07119108803244
BLOCKS_K2,50,84.08893541829016
BLOCKS_K2,50,96.94000103508414
BLOCKS_K2,50,77.67594049325442
BLOCKS_K2,50,78.98501127310536
BLOCKS_K2,50,64.37453390619278
BLOCKS_K2,50,87.07870833449432
BLOCKS_K2,50,79.0056068892238
BLOCKS_K2,50,82.07206488128588
BLOCKS_K2,50,83.82377927851196
BLOCKS_K2,50,78.68551440295604
BLOCKS_K2,50,64.436747314182
BLOCKS_K2,50,73.00844173860139
BLOCKS_K2,50,76.09983521190276
BLOCKS_K2,50,86.82373546777892
BLOCKS_K2,50,66.90873386106534
BLOCKS_K2,50,86.46836539013078
BLOCKS_K2,50,67.02988774911724
BLOCKS_K2,50,75.6327340776162
BLOCKS_K2,50,83.80419708700497
BLOCKS_K2,50,76.66040092376159
BLOCKS_K2,50,83.73761272586457
BLOCKS_K2,50,78.76750254312262
BLOCKS_K2,50,80.64748830264075
BLOCKS_K2,50,78.9281767270079
BLOCKS_K2,50,92.5669416418394
BLOCKS_K2,50,81.1234759715611
BLOCKS_K2,50,68.31892537460004
BLOCKS_K2,50,78.50663084519024
BLOCKS_K2,50,84.57966757111863
BLOCKS_K2,50,79.5978832561897
BLOCKS_K2,50,70.83594996306644
BLOCKS_K2,50,69.16272860635878
BLOCKS_K2,50,80.46407703350587
BLOCKS_K2,50,70.7186929000243
BLOCKS_K2,50,64.44573421843974
BLOCKS_K2,50,80.90664181590378
BLOCKS_K2,50,70.06535263544525
BLOCKS_K2,50,77.71595531645899
BLOCKS_K2,50,71.45150003469682
RANDOM,60,146.24279275228545
RANDOM,60,160.8640766448435
RANDOM,60,150.31125980324938
RANDOM,60,144.83656904154452
RANDOM,60,157.54454458201025
RANDOM,60,163.77152210570924
RANDOM,60,163.59694615731632
RANDOM,60,137.9982303627802
RANDOM,60,157.8480636853614
RANDOM,60,136.50090976165842
RANDOM,60,139.72544698875262
RANDOM,60,146.25653423716918
RANDOM,60,153.4079241261803
RANDOM,60,149.1517938235923
RANDOM,60,170.15240519385884
RANDOM,60,152.14491816279124
RANDOM,60,157.6853807491711
RANDOM,60,147.63518872105752
RANDOM,60,141.0167763273092
RANDOM,60,132.87646650379335
RANDOM,60,157.90629782448318
RANDOM,60,169.0030982392922
RANDOM,60,139.7958106961509
RANDOM,60,170.1874724870105
RANDOM,60,153.32351115177713
RANDOM,60,156.11675601657387
RANDOM,60,129.8305012403337
RANDOM,60,159.1652934182296
RANDOM,60,146.25069262721996
RANDOM,60,138.2626288203304
RANDOM,60,147.14439486559596
RANDOM,60,151.1114171248526
RANDOM,60,142.1736279537244
RANDOM,60,139.98532272754173
RANDOM,60,149.97766316963106
RANDOM,60,146.04216242818063
RANDOM,60,159.04026937874445
RANDOM,60,165.8719142901914
RANDOM,60,143.59297158472845
RANDOM,60,138.63184595360465
RANDOM,60,153.9190751633255
RANDOM,60,175.73193112521378
RANDOM,60,167.61343374741185
RANDOM,60,155.6693323910856
RANDOM,60,172.19083841576526
RANDOM,60,153.58176728492816
RANDOM,60,133.55472347724108
RANDOM,60,157.21887867446785
RANDOM,60,121.76940512762718
RANDOM,60,150.75127545550328
RANDOM,60,148.54999533135899
RANDOM,60,144.48585962527616
RANDOM,60,124.14764666280465
RANDOM,60,143.81052635534888
RANDOM,60,156.09546886241733
RANDOM,60,154.49826732053256
RANDOM,60,146.05557702707162
RANDOM,60,144.3790092558436
RANDOM,60,154.83426798049018
RANDOM,60,148.83455118356065
BACK_TO_FRONT,60,225.40748292048292
BACK_TO_FRONT,60,231.5021534137543
BACK_TO_FRONT,60,234.31396769423142
BACK_TO_FRONT,60,232.6516299754103
BACK_TO_FRONT,60,233.48812947625666
BACK_TO_FRONT,60,228.91817707041372
BACK_TO_FRONT,60,230.69611731321535
BACK_TO_FRONT,60,208.16391880726053
BACK_TO_FRONT,60,236.66715777339388
BACK_TO_FRONT,60,237.27891832104228
BACK_TO_FRONT,60,225.3143813897067
BACK_TO_FRONT,60,228.6169259096216
BACK_TO_FRONT,60,227.55342312223937
BACK_TO_FRONT,60,220.60968096929085
BACK_TO_FRONT,60,221.4827209814661
BACK_TO_FRONT,60,233.83948069599617
BACK_TO_FRONT,60,234.47288867506555
BACK_TO_FRONT,60,257.8222792784907
BACK_TO_FRONT,60,222.03409236825584
BACK_TO_FRONT,60,226.8405625084962
BACK_TO_FRONT,60,233.03229540947575
BACK_TO_FRONT,60,237.2910140449082
BACK_TO_FRONT,60,197.03706519448073
BACK_TO_FRONT,60,239.3917241720901
BACK_TO_FRONT,60,232.0788176614556
BACK_TO_FRONT,60,225.90131012612488
BACK_TO_FRONT,60,249.88705141050832
BACK_TO_FRONT,60,254.05814466712832
BACK_TO_FRONT,60,211.38813878396275
BACK_TO_FRONT,60,206.10425967983255
BACK_TO_FRONT,60,240.97151973614834
BACK_TO_FRONT,60,225.28006296663034
BACK_TO_FRONT,60,237.1892832738835
BACK_TO_FRONT,60,217.18288324132538
BACK_TO_FRONT,60,230.9807132368601
BACK_TO_FRONT,60,225.78867056761297
BACK_TO_FRONT,60,224.70602555383536
BACK_TO_FRONT,60,223.9211076735184
BACK_TO_FRONT,60,208.12838544247717
BACK_TO_FRONT,60,267.3664467323169
BACK_TO_FRONT,60,228.50817356672715
BACK_TO_FRONT,60,208.15187566316305
BACK_TO_FRONT,60,238.91373199405055
BACK_TO_FRONT,60,236.18686160302983
BACK_TO_FRONT,60,232.0847342954155
BACK_TO_FRONT,60,238.3088421421362
BACK_TO_FRONT,60,244.43621803208086
BACK_TO_FRONT,60,213.49996516177941
BACK_TO_FRONT,60,250.99027076974423
BACK_TO_FRONT,60,233.02868244263058
BACK_TO_FRONT,60,229.71542463210503
BACK_TO_FRONT,60,239.4028418494276
BACK_TO_FRONT,60,201.42707461703958
BACK_TO_FRONT,60,242.66850005557603
BACK_TO_FRONT,60,220.57410966883222
BACK_TO_FRONT,60,240.223116476169
BACK_TO_FRONT,60,211.235264451884
BACK_TO_FRONT,60,228.82900732034707
BACK_TO_FRONT,60,240.69985891243562
BACK_TO_FRONT,60,221.01161464436794
FRONT_TO_BACK,60,297.3678375977683
FRONT_TO_BACK,60,296.44355136362634
FRONT_TO_BACK,60,291.5553591850396
FRONT_TO_BACK,60,292.8881096047457
FRONT_TO_BACK,60,298.9173057807043
FRONT_TO_BACK,60,310.96337505387385
FRONT_TO_BACK,60,284.6611665959275
FRONT_TO_BACK,60,291.93303737746464
FRONT_TO_BACK,60,308.41486253657916
FRONT_TO_BACK,60,310.12400950363826
FRONT_TO_BACK,60,265.617727956595
FRONT_TO_BACK,60,316.3474030393092
FRONT_TO_BACK,60,305.36173265337607
FRONT_TO_BACK,60,292.69981657006207
FRONT_TO_BACK,60,264.19059093276155
FRONT_TO_BACK,60,334.8934432513212
FRONT_TO_BACK,60,305.5795208807801
FRONT_TO_BACK,60,277.06065612112985
FRONT_TO_BACK,60,290.66772969220534
FRONT_TO_BACK,60,289.793040014556
FRONT_TO_BACK,60,286.9902813031483
FRONT_TO_BACK,60,300.80393291772486
FRONT_TO_BACK,60,284.4918316392467
FRONT_TO_BACK,60,295.6675483874172
FRONT_TO_BACK,60,293.70219714465986
FRONT_TO_BACK,60,312.5369182694465
FRONT_TO_BACK,60,329.07581850978033
FRONT_TO_BACK,60,278.73142358462246
FRONT_TO_BACK,60,323.56124114420635
FRONT_TO_BACK,60,285.28785420890864
FRONT_TO_BACK,60,301.66328010577655
FRONT_TO_BACK,60,308.3682650911283
FRONT_TO_BACK,60,295.1394145299434
FRONT_TO_BACK,60,298.85241614964383
FRONT_TO_BACK,60,308.40220531821575
FRONT_TO_BACK,60,301.24818767270426
FRONT_TO_BACK,60,290.7344422604775
FRONT_TO_BACK,60,316.6934492488288
FRONT_TO_BACK,60,302.25943407015626
FRONT_TO_BACK,60,292.9527240681028
FRONT_TO_BACK,60,278.58642141346024
FRONT_TO_BACK,60,296.15725198658345
FRONT_TO_BACK,60,285.64340615404393
FRONT_TO_BACK,60,293.6859888414404
FRONT_TO_BACK,60,262.68156834299594
FRONT_TO_BACK,60,282.03296001708435
FRONT_TO_BACK,60,305.78234458252774
FRONT_TO_BACK,60,284.31501118721445
FRONT_TO_BACK,60,295.5590932140877
FRONT_TO_BACK,60,290.6865581199398
FRONT_TO_BACK,60,324.0531929645108
FRONT_TO_BACK,60,303.87495045618135
FRONT_TO_BACK,60,312.7687241091329
FRONT_TO_BACK,60,309.1713019977554
FRONT_TO_BACK,60,288.1399354260614
FRONT_TO_BACK,60,256.14492031175286
FRONT_TO_BACK,60,285.5442644208031
FRONT_TO_BACK,60,287.05564255603076
FRONT_TO_BACK,60,283.30885263219665
FRONT_TO_BACK,60,315.91898068367203
BLOCKS_K2,60,91.97431037403487
BLOCKS_K2,60,90.34783509613345
BLOCKS_K2,60,95.0187547543795
BLOCKS_K2,60,90.29606317425349
BLOCKS_K2,60,92.94870802328413
BLOCKS_K2,60,82.2787037946981
BLOCKS_K2,60,86.82343928887931
BLOCKS_K2,60,81.75369720085045
BLOCKS_K2,60,87.85607617788536
BLOCKS_K2,60,100.04819110113237
BLOCKS_K2,60,81.30492865285686
BLOCKS_K2,60,92.98497433903631
BLOCKS_K2,60,70.26206832749746
BLOCKS_K2,60,88.37862299719536
BLOCKS_K2,60,83.98240061142526
BLOCKS_K2,60,88.03820175483463
BLOCKS_K2,60,95.1974549734883
BLOCKS_K2,60,94.61544544951235
BLOCKS_K2,60,92.23780152868697
BLOCKS_K2,60,91.70290094115725
BLOCKS_K2,60,91.34466055630942
BLOCKS_K2,60,87.20016060719405
BLOCKS_K2,60,85.57620579746641
BLOCKS_K2,60,85.32750543919808
BLOCKS_K2,60,88.33466495455613
BLOCKS_K2,60,107.88086356492738
BLOCKS_K2,60,89.58540544291307
BLOCKS_K2,60,84.31934065998308
BLOCKS_K2,60,108.94023836784385
BLOCKS_K2,60,85.20743631278447
BLOCKS_K2,60,100.17351217191202
BLOCKS_K2,60,90.68503926474983
BLOCKS_K2,60,92.65405564422579
BLOCKS_K2,60,100.34241349328103
BLOCKS_K2,60,81.41565008458691
BLOCKS_K2,60,85.1838896148511
BLOCKS_K2,60,90.95031823397687
BLOCKS_K2,60,92.36941231807768
BLOCKS_K2,60,91.51558828109064
BLOCKS_K2,60,96.65240448221492
BLOCKS_K2,60,89.9112239657691
BLOCKS_K2,60,84.67732818966208
BLOCKS_K2,60,94.54613970122725
BLOCKS_K2,60,95.13440549434907
BLOCKS_K2,60,98.5770270999885
BLOCKS_K2,60,91.37431350263287
BLOCKS_K2,60,97.49932298376015
BLOCKS_K2,60,86.53096725486014
BLOCKS_K2,60,87.53572333274104
BLOCKS_K2,60,95.90479126089221
BLOCKS_K2,60,86.33036948311259
BLOCKS_K2,60,81.6462385642751
BLOCKS_K2,60,95.26403908043247
BLOCKS_K2,60,82.58937093299886
BLOCKS_K2,60,93.7248250289877
BLOCKS_K2,60,83.91539208205981
BLOCKS_K2,60,82.82758816116358
BLOCKS_K2,60,89.17934974133038
BLOCKS_K2,60,87.84901883028327
BLOCKS_K2,60,92.44353083397228
RANDOM,70,163.85499156910018
RANDOM,70,158.27205573164312
RANDOM,70,195.02391582261507
RANDOM,70,181.2570890537829
RANDOM,70,150.10053032252227
RANDOM,70,163.7723106796794
RANDOM,70,177.1863052287232
RANDOM,70,157.6932123528373
RANDOM,70,189.87668260255734
RANDOM,70,179.5930451996691
RANDOM,70,165.45255247144243
RANDOM,70,158.1826641990203
RANDOM,70,175.16297764442825
RANDOM,70,172.82402144192898
RANDOM,70,155.11173764335626
RANDOM,70,165.1054564445778
RANDOM,70,199.74223678430198
RANDOM,70,169.98846208419363
RANDOM,70,186.63823076017474
RANDOM,70,177.78284264418434
RANDOM,70,161.7562457144197
RANDOM,70,175.4413661296724
RANDOM,70,170.11787830515368
RANDOM,70,172.04848624373912
RANDOM,70,156.88184527703535
RANDOM,70,200.2824308169302
RANDOM,70,175.0195882761975
RANDOM,70,178.53217422926207
RANDOM,70,185.6122467048322
RANDOM,70,194.3157464083823
RANDOM,70,162.4782620848461
RANDOM,70,161.37624836131673
RANDOM,70,174.04120170374264
RANDOM,70,175.09374728615458
RANDOM,70,176.1965490030201
RANDOM,70,167.34768335678572
RANDOM,70,172.25632070459883
RANDOM,70,158.0345068588184
RANDOM,70,178.20434236882915
RANDOM,70,174.96181283993795
RANDOM,70,166.74090148869962
RANDOM,70,175.27009201195273
RANDOM,70,169.87761234468167
RANDOM,70,152.51806900544167
RANDOM,70,174.79968146372022
RANDOM,70,171.82546635391037
RANDOM,70,172.55913157263763
RANDOM,70,183.8578353120092
RANDOM,70,188.3295563748099
RANDOM,70,183.0294967376293
RANDOM,70,177.6339119846389
RANDOM,70,156.54389205640683
RANDOM,70,164.54943893839493
RANDOM,70,168.54566798446953
RANDOM,70,168.0728454305592
RANDOM,70,169.66046393461852
RANDOM,70,178.74790610686895
RANDOM,70,171.67312235007898
RANDOM,70,175.05776387043272
RANDOM,70,193.66147282059205
BACK_TO_FRONT,70,295.9809189611489
BACK_TO_FRONT,70,262.9526475241543
BACK_TO_FRONT,70,261.70122115634837
BACK_TO_FRONT,70,278.3795600292141
BACK_TO_FRONT,70,277.3986569193218
BACK_TO_FRONT,70,233.2861150668841
BACK_TO_FRONT,70,258.0508625793057
BACK_TO_FRONT,70,264.2799883817973
BACK_TO_FRONT,70,293.2164699946024
BACK_TO_FRONT,70,290.44605737986166
BACK_TO_FRONT,70,261.9370498686327
BACK_TO_FRONT,70,279.50198299673656
BACK_TO_FRONT,70,273.8496895184349
BACK_TO_FRONT,70,266.595590631328
BACK_TO_FRONT,70,252.58528449220455
BACK_TO_FRONT,70,283.3461927148262
BACK_TO_FRONT,70,273.5354065159617
BACK_TO_FRONT,70,243.95171328866832
BACK_TO_FRONT,70,282.2554896435623
BACK_TO_FRONT,70,271.28970514822197
BACK_TO_FRONT,70,259.0906564634975
BACK_TO_FRONT,70,241.15444301640272
BACK_TO_FRONT,70,278.901009781602
BACK_TO_FRONT,70,256.0135545904751
BACK_TO_FRONT,70,264.1335931364661
BACK_TO_FRONT,70,289.810652213188
BACK_TO_FRONT,70,271.67800899566095
BACK_TO_FRONT,70,274.83581328377636
BACK_TO_FRONT,70,259.1430135485654
BACK_TO_FRONT,70,265.0656694307027
BACK_TO_FRONT,70,277.1423191517257
BACK_TO_FRONT,70,256.40373744675287
BACK_TO_FRONT,70,285.035588479897
BACK_TO_FRONT,70,289.7259137492011
BACK_TO_FRONT,70,260.50577904428906
BACK_TO_FRONT,70,256.53755166561643
BACK_TO_FRONT,70,266.6876975621309
BACK_TO_FRONT,70,268.5771301989828
BACK_TO_FRONT,70,247.9512664088144
BACK_TO_FRONT,70,270.4004453705141
BACK_TO_FRONT,70,285.3767208905765
BACK_TO_FRONT,70,250.50467618469634
BACK_TO_FRONT,70,288.3998657463401
BACK_TO_FRONT,70,275.6647278496123
BACK_TO_FRONT,70,283.2669673702396
BACK_TO_FRONT,70,273.85814077714093
BACK_TO_FRONT,70,255.4167829439025
BACK_TO_FRONT,70,242.78489236223473
BACK_TO_FRONT,70,266.27435575642977
BACK_TO_FRONT,70,262.4114967079877
BACK_TO_FRONT,70,262.0974997938034
BACK_TO_FRONT,70,259.26040944537715
BACK_TO_FRONT,70,272.06625674057307
BACK_TO_FRONT,70,270.32620304437876
BACK_TO_FRONT,70,264.2188860166717
BACK_TO_FRONT,70,261.5626147865992
BACK_TO_FRONT,70,269.81625634645684
BACK_TO_FRONT,70,278.7947575900487
BACK_TO_FRONT,70,268.93492526667745
BACK_TO_FRONT,70,278.91514321501273
FRONT_TO_BACK,70,365.62582792666177
FRONT_TO_BACK,70,334.7644991195179
FRONT_TO_BACK,70,376.94768381996494
FRONT_TO_BACK,70,351.1947136921738
FRONT_TO_BACK,70,338.55345429248547
FRONT_TO_BACK,70,340.1601191358941
FRONT_TO_BACK,70,332.64505505180364
FRONT_TO_BACK,70,336.5479151208778
FRONT_TO_BACK,70,344.80657916286475
FRONT_TO_BACK,70,341.4669363351259
FRONT_TO_BACK,70,307.52411442854105
FRONT_TO_BACK,70,327.46312278104693
FRONT_TO_BACK,70,380.48646331630897
FRONT_TO_BACK,70,372.1218748311069
FRONT_TO_BACK,70,335.58014032990707
FRONT_TO_BACK,70,348.47638742838274
FRONT_TO_BACK,70,346.75113109734866
FRONT_TO_BACK,70,336.7423466852676
FRONT_TO_BACK,70,346.17749030174343
FRONT_TO_BACK,70,329.15963224919875
FRONT_TO_BACK,70,316.83762091854487
FRONT_TO_BACK,70,337.50395119681826
FRONT_TO_BACK,70,321.57361598035965
FRONT_TO_BACK,70,333.7681872364267
FRONT_TO_BACK,70,336.9736535525402
FRONT_TO_BACK,70,322.45773873344774
FRONT_TO_BACK,70,348.7550234172851
FRONT_TO_BACK,70,327.62259410204496
FRONT_TO_BACK,70,326.50028263142724
FRONT_TO_BACK,70,339.5625666603699
FRONT_TO_BACK,70,362.5379285295161
FRONT_TO_BACK,70,361.18582602542955
FRONT_TO_BACK,70,387.1233628573608
FRONT_TO_BACK,70,352.31177594835015
FRONT_TO_BACK,70,343.7313807143778
FRONT_TO_BACK,70,345.81585128005094
FRONT_TO_BACK,70,327.5895513511173
FRONT_TO_BACK,70,330.01323579739346
FRONT_TO_BACK,70,318.5522088514694
FRONT_TO_BACK,70,333.88436406507157
FRONT_TO_BACK,70,345.5979190523546
FRONT_TO_BACK,70,319.39591179914345
FRONT_TO_BACK,70,336.5991447832742
FRONT_TO_BACK,70,322.43330578497745
FRONT_TO_BACK,70,343.90671374334164
FRONT_TO_BACK,70,366.7502510060704
FRONT_TO_BACK,70,341.2029101728121
FRONT_TO_BACK,70,356.2448301960068
FRONT_TO_BACK,70,348.53474556031375
FRONT_TO_BACK,70,352.6443966232463
FRONT_TO_BACK,70,349.6092083841798
FRONT_TO_BACK,70,325.9276251475902
FRONT_TO_BACK,70,376.30771984091285
FRONT_TO_BACK,70,338.66992682343295
FRONT_TO_BACK,70,324.3299070867953
FRONT_TO_BACK,70,334.94796450491975
FRONT_TO_BACK,70,352.74634395512527
FRONT_TO_BACK,70,361.7121269935549
FRONT_TO_BACK,70,348.1702816634282
FRONT_TO_BACK,70,340.94354024373627
BLOCKS_K2,70,100.94752919783788
BLOCKS_K2,70,107.88282865136865
BLOCKS_K2,70,106.63069981640818
BLOCKS_K2,70,111.29265304285238
BLOCKS_K2,70,106.42624791936603
BLOCKS_K2,70,97.74232916085569
BLOCKS_K2,70,102.05736655253219
BLOCKS_K2,70,110.6541989202989
BLOCKS_K2,70,109.82338258951486
BLOCKS_K2,70,105.66190421487191
BLOCKS_K2,70,118.06228506033123
BLOCKS_K2,70,111.17689994319531
BLOCKS_K2,70,102.55080137451466
BLOCKS_K2,70,100.04017285120976
BLOCKS_K2,70,106.8909292929132
BLOCKS_K2,70,110.94141412228636
BLOCKS_K2,70,99.51477714499615
BLOCKS_K2,70,120.45003635288403
BLOCKS_K2,70,103.5161525673131
BLOCKS_K2,70,102.92754594462123
BLOCKS_K2,70,97.68189083419166
BLOCKS_K2,70,118.33542290206529
BLOCKS_K2,70,103.55544761311477
BLOCKS_K2,70,98.59132098083471
BLOCKS_K2,70,116.28059225371466
BLOCKS_K2,70,95.774508991384
BLOCKS_K2,70,119.30867453092053
BLOCKS_K2,70,113.81864416294474
BLOCKS_K2,70,107.1144935351746
BLOCKS_K2,70,99.11894973794242
BLOCKS_K2,70,109.11959024846267
BLOCKS_K2,70,98.07325428635231
BLOCKS_K2,70,102.11575388622612
BLOCKS_K2,70,106.98002372826797
BLOCKS_K2,70,109.24394256342723
BLOCKS_K2,70,105.52308837506331
BLOCKS_K2,70,115.36824529722398
BLOCKS_K2,70,99.35434976531178
BLOCKS_K2,70,109.86511706873591
BLOCKS_K2,70,106.92614252371821
BLOCKS_K2,70,106.31528294234329
BLOCKS_K2,70,124.58228197311583
BLOCKS_K2,70,91.53698977594198
BLOCKS_K2,70,113.7103150713308
BLOCKS_K2,70,97.87988350430658
BLOCKS_K2,70,113.40458552222523
BLOCKS_K2,70,119.28739669276517
BLOCKS_K2,70,105.19149542089313
BLOCKS_K2,70,106.58567540193933
BLOCKS_K2,70,91.60255255194619
BLOCKS_K2,70,106.14192006538119
BLOCKS_K2,70,113.5523613316317
BLOCKS_K2,70,99.5044668736364
BLOCKS_K2,70,100.39259686500876
BLOCKS_K2,70,108.24100277354358
BLOCKS_K2,70,114.3907505702044
BLOCKS_K2,70,98.30761454940512
BLOCKS_K2,70,103.67396310490419
BLOCKS_K2,70,107.82760226260366
BLOCKS_K2,70,109.43831633636292
